https://framerusercontent.com/images/0cg80YReQcCLvVth83ugowYOHNU.jpg?width=4000&height=6000	0cg80YReQcCLvVth83ugowYOHNU.jpg
https://framerusercontent.com/images/1xbaAO6JimcTWnKryGg1m1RQjU.jpg?width=1185&height=1818	1xbaAO6JimcTWnKryGg1m1RQjU.jpg
https://framerusercontent.com/images/3CkLJayerXJewSQs3iaDTECvk.jpg?width=4000&height=6000	3CkLJayerXJewSQs3iaDTECvk.jpg
https://framerusercontent.com/images/4tZB3hGFb6UGBVDvVgQvM6GDchg.png?width=1414&height=2000	4tZB3hGFb6UGBVDvVgQvM6GDchg.png
https://framerusercontent.com/images/4w3PNsTbhkX0fRzbzQW8GRbQYo.jpg?width=3024&height=4032	4w3PNsTbhkX0fRzbzQW8GRbQYo.jpg
https://framerusercontent.com/images/87v6V37xgezSWAjSFZSZw2nWDZM.jpg?width=3024&height=4032	87v6V37xgezSWAjSFZSZw2nWDZM.jpg
https://framerusercontent.com/images/BRgTNtXZdrUiwkGuERRJxh33ck.png?width=1414&height=2000	BRgTNtXZdrUiwkGuERRJxh33ck.png
https://framerusercontent.com/images/BWdpFtXMTHAiDQ55jJ91o7IzU.jpg?width=2574&height=1907	BWdpFtXMTHAiDQ55jJ91o7IzU.jpg
https://framerusercontent.com/images/FbM1XxvaoY75fgvdUilpepbXj8g.png?width=1379&height=185	FbM1XxvaoY75fgvdUilpepbXj8g.png
https://framerusercontent.com/images/HyJshYB27JwahEtIoV3BfaVcIKo.jpg?width=4032&height=3024	HyJshYB27JwahEtIoV3BfaVcIKo.jpg
https://framerusercontent.com/images/K41SIPh3K4xRp6fOiINRbU5eJY.jpg?width=4000&height=6000	K41SIPh3K4xRp6fOiINRbU5eJY.jpg
https://framerusercontent.com/images/KHL4jYzaUKAmGoC7Ysn2WssrM.png	KHL4jYzaUKAmGoC7Ysn2WssrM.png
https://framerusercontent.com/images/KKN30HstDgyL4SrIq3MaFqK7v7c.jpg?width=1134&height=1557	KKN30HstDgyL4SrIq3MaFqK7v7c.jpg
https://framerusercontent.com/images/OHWG92GpOsdvH1ThtmgTCEXIcos.png?width=1414&height=2000	OHWG92GpOsdvH1ThtmgTCEXIcos.png
https://framerusercontent.com/images/PyGLCgsMp8OlkMxvPXffDzS2rE8.jpg?width=4032&height=3024	PyGLCgsMp8OlkMxvPXffDzS2rE8.jpg
https://framerusercontent.com/images/QsAi1wFmPqldG2FaJtHdUMSd0Q.jpg?width=3024&height=4032	QsAi1wFmPqldG2FaJtHdUMSd0Q.jpg
https://framerusercontent.com/images/Rp149iMhgneFKfMUYyomeoSIBuM.jpg?width=1967&height=2173	Rp149iMhgneFKfMUYyomeoSIBuM.jpg
https://framerusercontent.com/images/SV2A6Gq1gPeUIv7NMBJUwIHZBI.jpg?width=986&height=1270	SV2A6Gq1gPeUIv7NMBJUwIHZBI.jpg
https://framerusercontent.com/images/T1P375S5FLPjKmzZKGDleYlmkk.png?width=1414&height=2000	T1P375S5FLPjKmzZKGDleYlmkk.png
https://framerusercontent.com/images/UZ4TlzsfUymzmqcMlNKmN5adc8Q.jpg?width=4672&height=7008	UZ4TlzsfUymzmqcMlNKmN5adc8Q.jpg
https://framerusercontent.com/images/VSf7i6TJvipylsG09OXksNYQGk.jpg?width=3024&height=4032	VSf7i6TJvipylsG09OXksNYQGk.jpg
https://framerusercontent.com/images/VobPhIOACpx7XT7bNH500ScV6Q.jpg?width=4000&height=6000	VobPhIOACpx7XT7bNH500ScV6Q.jpg
https://framerusercontent.com/images/XLPmXEJZKyhztN6cSQOicQ88esM.jpg?width=3024&height=4032	XLPmXEJZKyhztN6cSQOicQ88esM.jpg
https://framerusercontent.com/images/a5bd844ekzP2h5VFSb2LsqHc2DI.jpg?width=4672&height=7008	a5bd844ekzP2h5VFSb2LsqHc2DI.jpg
https://framerusercontent.com/images/aC2HCwiUqK60u5m4SCYUWPu8oPA.jpg?width=4000&height=6000	aC2HCwiUqK60u5m4SCYUWPu8oPA.jpg
https://framerusercontent.com/images/bw12YcZQELYRbksU6k9XpTeOXA.jpg?width=3088&height=2048	bw12YcZQELYRbksU6k9XpTeOXA.jpg
https://framerusercontent.com/images/cVsR9wuJlcj30Fl05d63CmAUA.png?width=1078&height=1469	cVsR9wuJlcj30Fl05d63CmAUA.png
https://framerusercontent.com/images/gCBiTLPn5w0bdH8ni2fPsligo.jpg?width=2606&height=3391	gCBiTLPn5w0bdH8ni2fPsligo.jpg
https://framerusercontent.com/images/hBaXl4P3IQ9NFQaJlDs3CU8Mfg.png?width=1379&height=185	hBaXl4P3IQ9NFQaJlDs3CU8Mfg.png
https://framerusercontent.com/images/hJG6FH2Q5Bi8hWowJETauEHiw4.png?width=1414&height=2000	hJG6FH2Q5Bi8hWowJETauEHiw4.png
https://framerusercontent.com/images/hZCChlhPpAXrQk0RR2xz4jHZbU.png?width=1414&height=2000	hZCChlhPpAXrQk0RR2xz4jHZbU.png
https://framerusercontent.com/images/m68BAxJlzZg5hjrQg9MtDqWdvz8.png?width=1414&height=2000	m68BAxJlzZg5hjrQg9MtDqWdvz8.png
https://framerusercontent.com/images/nGWoNqqblCAN7zpZQ4YXtWYctE.png?width=1414&height=2000	nGWoNqqblCAN7zpZQ4YXtWYctE.png
https://framerusercontent.com/images/nRBDTvrgc4gQflaRvd1fwBMtic.png?width=1414&height=2000	nRBDTvrgc4gQflaRvd1fwBMtic.png
https://framerusercontent.com/images/pCY0LVwGKP4taTQzvj8IherklYs.png?width=1141&height=1542	pCY0LVwGKP4taTQzvj8IherklYs.png
https://framerusercontent.com/images/pppHEVZi7IiYVdwvHB0IbmM.jpg?width=3024&height=4032	pppHEVZi7IiYVdwvHB0IbmM.jpg
https://framerusercontent.com/images/qICRVWaJNqYi2AeF6QgIGH1Hz4.jpg?width=4000&height=6000	qICRVWaJNqYi2AeF6QgIGH1Hz4.jpg
https://framerusercontent.com/images/tIAAUmpqd6d2QZ9bTuTR6sj5118.jpg?width=935&height=1246	tIAAUmpqd6d2QZ9bTuTR6sj5118.jpg
https://framerusercontent.com/images/vUjdvYFZhsT1V8UimR8DqnzdF4.png?width=1414&height=2000	vUjdvYFZhsT1V8UimR8DqnzdF4.png
https://framerusercontent.com/images/xXmTeq6OGYroxgOOpe5nPe6vU8.jpg?width=3024&height=4032	xXmTeq6OGYroxgOOpe5nPe6vU8.jpg
https://framerusercontent.com/images/xiL5tzr4ueso8drrJmq9Vi8tzg.jpg?width=3024&height=4032	xiL5tzr4ueso8drrJmq9Vi8tzg.jpg
